scalar,RGB_r,RGB_g,RGB_b
0.0,0.0,0.0,0.0
0.0019569471624266144,0.008977776476236382,0.0004402509224175067,0.007965986805482456
0.003913894324853229,0.017835565978064225,0.0009047844431579481,0.016044877834642094
0.005870841487279843,0.026747264730579895,0.0013266913297632242,0.024387265296420685
0.007827788649706457,0.035708593627181345,0.0017067863258344992,0.032997683438796055
0.009784735812133072,0.04420596746748986,0.002177901332759448,0.04154480090126209
0.011741682974559686,0.052042903797428534,0.0025417416120875357,0.04975974912419822
0.0136986301369863,0.0591801176990532,0.002865428150435942,0.057377211455320244
0.015655577299412915,0.0657676112572276,0.0031497021386256516,0.06453571813250936
0.01761252446183953,0.07180087257566098,0.0034599598321453295,0.07122344560613333
0.019569471624266144,0.0774768532018199,0.0037315628768663876,0.07762744332372531
0.021526418786692758,0.08275409060433811,0.004029212697928124,0.08370036276951603
0.023483365949119372,0.08777818864487374,0.004288898810529083,0.08958348910895725
0.025440313111545987,0.09249569741509209,0.004574635639270704,0.09521732926984033
0.0273972602739726,0.09701803045398036,0.004823893237066323,0.10072871811750489
0.029354207436399216,0.1011843574323616,0.005117706833646694,0.1062653901243796
0.03131115459882583,0.1051203715074158,0.005340723247969842,0.11208689088181281
0.033268101761252444,0.10869632052639838,0.0056202863048001915,0.11802357681653139
0.03522504892367906,0.11193384924185162,0.005957872041428892,0.12407512756624314
0.03718199608610567,0.11495444104082189,0.006236603108184371,0.1304232878481517
0.03913894324853229,0.11766075328276446,0.006570792624638377,0.13689109967909693
0.0410958904109589,0.12021426138625793,0.0068805817260458955,0.143387459021658
0.043052837573385516,0.1226327680409939,0.007186830080934883,0.14981351676106894
0.04500978473581213,0.12491683049195926,0.007498919623114603,0.15616050272782286
0.046966731898238745,0.12711215465202322,0.007760944855453702,0.1625174380319635
0.04892367906066536,0.12917393838189095,0.008043824365914823,0.16878068775970342
0.050880626223091974,0.1311047658466547,0.008355971184607208,0.17494174276604946
0.05283757338551859,0.1329484839764215,0.008636618661273018,0.1810937524839971
0.0547945205479452,0.13466563536854026,0.00895978559951768,0.1871293453967083
0.05675146771037182,0.13629847734656003,0.009261706702806285,0.19314433595529015
0.05870841487279843,0.137847706946341,0.009546019637079546,0.19913426333115536
0.060665362035225046,0.13931436299716113,0.009816206205388383,0.2050946804291056
0.06262230919765166,0.14069981666562004,0.010075588847058274,0.21102115235249458
0.06457925636007827,0.1419735542793271,0.010402681827651677,0.2168001422721969
0.06653620352250489,0.14320353535691263,0.01065075173866856,0.22264423543860962
0.0684931506849315,0.14435837892155923,0.010896974354831966,0.22844115397657455
0.07045009784735812,0.14541316405772403,0.01122218634439948,0.2340737432584556
0.07240704500978473,0.14642754052569984,0.011473436990312506,0.23976195362488023
0.07436399217221135,0.14737559197301078,0.011730325470059139,0.24538986649348582
0.07632093933463796,0.14826083304106397,0.011995035793249289,0.25095313248646184
0.07827788649706457,0.14908706317026815,0.012269595686440038,0.2564474188920922
0.08023483365949119,0.14985847283611464,0.01255547333633842,0.2618684198316922
0.0821917808219178,0.1505994169307991,0.012742390417975353,0.2674504150796173
0.08414872798434442,0.1512637226623436,0.013027838537689183,0.2729535265777849
0.08610567514677103,0.1518700171888542,0.013329590534810214,0.27849564248701225
0.08806262230919765,0.15242961035657063,0.01356238192649986,0.2841992129027759
0.09001956947162426,0.1529262325701357,0.013809985029051064,0.2899424141229791
0.09197651663405088,0.1533514215354008,0.014159096333463692,0.2955988150455999
0.09393346379647749,0.15372235502301362,0.014436837166670949,0.3014174289916622
0.0958904109589041,0.1540322406992774,0.014640871713800099,0.3074006811964662
0.09784735812133072,0.15427111261800494,0.01494669274437544,0.31329310192477877
0.09980430528375733,0.1544442566818628,0.015266571758229628,0.319220319045407
0.10176125244618395,0.15454808227450184,0.015509860420535435,0.3253123866388218
0.10371819960861056,0.15458613933154428,0.015856212246751794,0.3313070259739303
0.10567514677103718,0.15454923467074302,0.016123818781356578,0.3374664350982294
0.10763209393346379,0.15444003281376475,0.016402591990921922,0.34365827308512215
0.1095890410958904,0.15425809033769836,0.01669203876403354,0.34988129290033804
0.11154598825831702,0.15400301494607668,0.016991611775348123,0.3561342115898156
0.11350293542074363,0.1536744692153354,0.01730070941039702,0.3624157111173851
0.11545988258317025,0.1532721745325293,0.01761867583286759,0.36872443935397115
0.11741682974559686,0.15279591523469407,0.01794480119617049,0.3750590112251704
0.11937377690802348,0.15221799517264903,0.018181641149300834,0.38155872628167586
0.12133072407045009,0.15159030595089057,0.018521042827541006,0.38794171715726755
0.1232876712328767,0.15088833153722092,0.01886615253350188,0.3943462005661531
0.12524461839530332,0.15007485725934055,0.019117257194719676,0.40091439707201243
0.12720156555772993,0.14922120202936628,0.019470262351326983,0.40735830785318605
0.12915851272015655,0.14824930986178986,0.019725839533464223,0.4139647844517425
0.13111545988258316,0.14724456071788602,0.020082635047050258,0.42044187263058647
0.13307240704500978,0.1461147390729167,0.020338363989448868,0.42708024255428734
0.1350293542074364,0.14496023536348654,0.020694451977287642,0.4335841041054071
0.136986301369863,0.14373363777333553,0.02104874939896075,0.44009846330334734
0.13894324853228962,0.14237165844268476,0.02129613625109244,0.44677196673326364
0.14090019569471623,0.1409990820950911,0.021642303438987057,0.4533033198825854
0.14285714285714285,0.1395570645131698,0.02198279213822543,0.4598402747775218
0.14481409001956946,0.1380468195658111,0.02231623316696686,0.46638120394253163
0.14677103718199608,0.13638730340084815,0.022534280718897605,0.4730781524532421
0.1487279843444227,0.13473992439500404,0.022848587360300838,0.4796229816111635
0.1506849315068493,0.1330287679156625,0.0231515286204484,0.4861669381450546
0.15264187866927592,0.13135357127576686,0.023550986825737134,0.4925524128491556
0.15459882583170254,0.1295262652114577,0.023827535964635185,0.49908915921083813
0.15655577299412915,0.12764167940481513,0.024088188266567476,0.5056203899375986
0.15851272015655576,0.12581714743508968,0.024443331038261917,0.5119863835259427
0.16046966731898238,0.12395268146704869,0.024781232105828596,0.5183425214718751
0.162426614481409,0.12205192604022908,0.025100367222986017,0.5246874448549723
0.1643835616438356,0.12011881020579976,0.02539920738218398,0.5310198428282981
0.16634050880626222,0.11815755757462656,0.025676222625436486,0.5373384577073324
0.16829745596868884,0.11617269483759168,0.025929886149626023,0.5436420901710814
0.17025440313111545,0.11432195191548047,0.026276255459910625,0.549767522837919
0.17221135029354206,0.11231178277000989,0.026479688318175376,0.5560372746084838
0.17416829745596868,0.11046056351933292,0.026774910833195827,0.5621256573211109
0.1761252446183953,0.10879526774143039,0.027163646214545357,0.5680301605942011
0.1780821917808219,0.10698247778246811,0.027404244528352897,0.5740769750661832
0.18003913894324852,0.10538309829663081,0.027737904896647833,0.5799374801031725
0.18199608610567514,0.10363628940220906,0.02791872007026016,0.5859401005686957
0.18395303326810175,0.10213135573997006,0.02819244705203222,0.5917544503908436
0.18590998043052837,0.10089624078912893,0.02856151703781416,0.5973788677230387
0.18786692759295498,0.09952838108324766,0.028773398619243724,0.60314494844841
0.1898238747553816,0.09845733333857809,0.02908124387657308,0.6087200697835596
0.1917808219178082,0.09748091651243693,0.029357974450842313,0.6142704713988025
0.19373776908023482,0.09655066560965633,0.02961482631074437,0.6198086305604695
0.19569471624266144,0.09555786003886343,0.02987562569569534,0.6253594641560754
0.19765166340508805,0.09449799952102517,0.030140856071234057,0.6309233291790006
0.19960861056751467,0.09336796035789433,0.030410644871166077,0.6365002105171755
0.20156555772994128,0.08767858113481142,0.030754549694149112,0.6435119918749499
0.2035225048923679,0.08000886261328818,0.031104360431126132,0.6509621140271398
0.2054794520547945,0.07100266390184984,0.031381503862501076,0.6585778896484726
0.20743639921722112,0.06099320725303151,0.03185943416839298,0.6660214779856004
0.20939334637964774,0.04755750655794342,0.03212406360028881,0.6739268377630794
0.21135029354207435,0.03255145135378103,0.03344544456697466,0.6810116193899721
0.21330724070450097,0.032941032119305956,0.03939437676170879,0.682880418576491
0.21526418786692758,0.032661990632159396,0.04560833829290407,0.6846013376121186
0.2172211350293542,0.03283870265381803,0.05202002014405096,0.6858361762084357
0.2191780821917808,0.03290684961777869,0.058479272023099264,0.6867530760143032
0.22113502935420742,0.0328696905062666,0.06496583101653339,0.687352534870741
0.22309197651663404,0.03330945359057515,0.07154889099475242,0.6874698813134429
0.22504892367906065,0.033089144219786176,0.07803391378693425,0.6874401985542614
0.22700587084148727,0.032796687904769674,0.08450199777200632,0.6870998908428795
0.22896281800391388,0.03302828740212611,0.09100939766086563,0.6862890022033907
0.2309197651663405,0.032649265169600254,0.09740569410297886,0.6853406992480788
0.2328767123287671,0.03283893476666,0.10381306650333516,0.6839336038229976
0.23483365949119372,0.033043657411881075,0.11015721858448804,0.6822376947209597
0.23679060665362034,0.03271162647879284,0.11638254131236966,0.6804197633005252
0.23874755381604695,0.03244920471622341,0.12254061622110726,0.6783248582362656
0.24070450097847357,0.032285001257587334,0.12862595144789898,0.6759605746036238
0.24266144814090018,0.032247824654474115,0.13463375181487947,0.6733349425044164
0.2446183953033268,0.032366279555612165,0.14055986413830984,0.6704563746540473
0.2465753424657534,0.03209604846847211,0.1463664835052312,0.6674878365504572
0.24853228962818003,0.03204039019513569,0.15208975257781512,0.6642815276476437
0.25048923679060664,0.03165719334500188,0.15769716518013566,0.660998171883014
0.25244618395303325,0.03154504004397243,0.16322003497429383,0.6574927653084287
0.25440313111545987,0.031163519887595408,0.16863059158447793,0.6539234921824585
0.2563600782778865,0.031105107606404506,0.1739560462967936,0.6501481652950533
0.2583170254403131,0.03083088988599084,0.17917284675311346,0.646322167267956
0.2602739726027397,0.03092611803909911,0.18430465687523664,0.6423061555953289
0.2622309197651663,0.030853446894990345,0.18933167245431118,0.6382524856552497
0.26418786692759294,0.030637056905632412,0.19425739821895988,0.6341659971970871
0.26614481409001955,0.030299619412693945,0.1990851816414606,0.6300513707149552
0.26810176125244617,0.029862287444388853,0.20381823636424384,0.6259131210163846
0.2700587084148728,0.02989060567581458,0.2084727511874635,0.6216190769211207
0.2720156555772994,0.029851934141988376,0.21303626635732825,0.6173131964546323
0.273972602739726,0.029222326190968585,0.2175010731676772,0.6131327497204127
0.2759295499021526,0.02910127683934662,0.22189279590025157,0.6088134860191126
0.27788649706457924,0.02895958066362248,0.22620241212292558,0.6044939719861961
0.27984344422700586,0.028810085529550562,0.2304327205391965,0.6001777194858093
0.28180039138943247,0.028664445273774312,0.2345864345600296,0.5958680665516778
0.2837573385518591,0.0285331933936258,0.2386661855708629,0.591568181030734
0.2857142857142857,0.028425818571614185,0.24267452546380586,0.5872810647948823
0.2876712328767123,0.027826038078766213,0.24660962498695815,0.5831308437427786
0.2896281800391389,0.027793137119414918,0.25048325787541637,0.5788758862895432
0.29158512720156554,0.027806989711510303,0.2542926444387552,0.5746417493143782
0.29354207436399216,0.027354557104651445,0.25803794549576775,0.5705468541745817
0.29549902152641877,0.027481223565163387,0.2617262027840554,0.566359620348817
0.2974559686888454,0.027154989877664144,0.26535596816742074,0.5623124574646882
0.299412915851272,0.02689890864897584,0.26893129813286715,0.5582913065900084
0.3013698630136986,0.02671643379546666,0.27245409436281354,0.5542980212829909
0.30332681017612523,0.02661057607884119,0.27592619646315086,0.5503343403562159
0.30528375733855184,0.026073139360671585,0.27935099909089833,0.5465073000441736
0.30724070450097846,0.026129079369207595,0.28272752928864425,0.5426058311241634
0.30919765166340507,0.02575940582326569,0.28606118532038166,0.5388403920832567
0.3111545988258317,0.02598471068207441,0.289348707214758,0.5350068409087612
0.3131115459882583,0.02578891997735255,0.2925974815504289,0.531308330428374
0.3150684931506849,0.025174698088314514,0.2958104257548801,0.5277406736660716
0.31702544031311153,0.025157951498539003,0.29898107333210194,0.5241101684647109
0.31898238747553814,0.025231606704874322,0.30211444882435357,0.5205161038240412
0.32093933463796476,0.02488942378197885,0.3052173496988353,0.5170505721702371
0.32289628180039137,0.024638647591259655,0.3082863621019797,0.5136197284194525
0.324853228962818,0.02447942803472476,0.3113226492916173,0.5102243837937533
0.3268101761252446,0.024411877828838077,0.3143273318304673,0.5068652916655021
0.3287671232876712,0.024436091750102633,0.3173014886627306,0.5035431508804146
0.33072407045009783,0.02404314175098897,0.3202536757339982,0.5003408842494488
0.33268101761252444,0.023740485516799834,0.32317812038202676,0.49717327347817836
0.33463796477495106,0.02352787047964076,0.32607575739285677,0.49404087803599267
0.33659491193737767,0.023405073101154507,0.3289474865062336,0.490944215260357
0.3385518590998043,0.023371909862879882,0.33179417342956624,0.4878837628827782
0.3405088062622309,0.023428246847297062,0.33461665085819936,0.48485996143073945
0.3424657534246575,0.023057675327641303,0.3374253557748333,0.4819449010242944
0.34442270058708413,0.023291183058292954,0.34020211310187654,0.4789938279873022
0.34637964774951074,0.023094155804095913,0.3429672509187256,0.4761487019272919
0.34833659491193736,0.022982654159010966,0.3457118262822075,0.4733381591925036
0.350293542074364,0.0224324190451913,0.3484474180172989,0.4706271669814905
0.3522504892367906,0.022489182632604708,0.3511531480346714,0.4678849016781739
0.3542074363992172,0.02263097050907423,0.3538402347406492,0.4651780312893347
0.3561643835616438,0.022326514031579796,0.35652108281530104,0.4625662211064981
0.35812133072407043,0.022101856112755072,0.35918503099526566,0.45998675578498166
0.36007827788649704,0.0219567951860765,0.36183261381603793,0.457439827288807
0.36203522504892366,0.021891211105912068,0.3644643453159036,0.45492560977017965
0.3639921722113503,0.021905066086339697,0.36708071975525164,0.4524442607535704
0.3659491193737769,0.02145218581135197,0.36969543544340333,0.4500466974152976
0.3679060665362035,0.021621755804738272,0.3722827742507885,0.4476297710234887
0.3698630136986301,0.021317879922474938,0.3748698854498076,0.44529342533309707
0.37181996086105673,0.021643457720257667,0.3774299333206233,0.4429413885724776
0.37377690802348335,0.021488664646397555,0.3799911050124154,0.4406666867291185
0.37573385518590996,0.021406676427023506,0.3825400208872457,0.43842207975249087
0.3776908023483366,0.020829045255037537,0.3850918485108409,0.4362480999319461
0.3796477495107632,0.020888913398979213,0.38761759388359285,0.4340621889113289
0.3816046966731898,0.021022042095125273,0.39013214161354615,0.43190657486497513
0.3835616438356164,0.020647238364074623,0.39265136976605275,0.4298166344379197
0.38551859099804303,0.020923398172902997,0.39514473716753734,0.427720049744322
0.38747553816046965,0.020683088915062032,0.39764388925679367,0.4256858082848193
0.38943248532289626,0.0205080051182547,0.40013356018864704,0.4236786173769584
0.3913894324853229,0.020398369229677873,0.40261402455561224,0.42169850531576963
0.3933463796477495,0.020354468214494235,0.4050855466762811,0.4197454948080912
0.3953033268101761,0.02037665215123973,0.4075483809774921,0.4178196034291637
0.3972602739726027,0.019849037691184578,0.41001999700334896,0.415944268035024
0.39921722113502933,0.019999196216994145,0.4124664138865736,0.41407095502255264
0.40117416829745595,0.019823311076635628,0.4149172408116777,0.41222436319932376
0.40313111545988256,0.020439231975701386,0.4173464128482412,0.4103154452374725
0.4050880626223092,0.020429232873789043,0.4197944687754791,0.4083821771628622
0.4070450097847358,0.020417799390191567,0.4222437315801042,0.4064044912944582
0.4090019569471624,0.020404828277219216,0.4246941333275754,0.4043822632074869
0.410958904109589,0.020390212997660515,0.4271456062614376,0.4023153697275029
0.41291585127201563,0.021005580183376085,0.42957989513954287,0.4001949671210947
0.41487279843444225,0.02098875784233111,0.43203321604897804,0.3980402696022126
0.41682974559686886,0.020970020922219484,0.4344874072344102,0.3958405512330712
0.4187866927592955,0.0209492488990005,0.4369424018052449,0.39359569418235424
0.4207436399217221,0.02092631650648944,0.43939813313552717,0.39130558197997345
0.4227005870841487,0.021540722979853252,0.44183589532492235,0.388970898821868
0.4246575342465753,0.021514869050440137,0.44429281490446576,0.38659185697509646
0.42661448140900193,0.021486528730391394,0.44675027416939134,0.38416722613411325
0.42857142857142855,0.021455556526349926,0.4492082077166399,0.3816968956770979
0.43052837573385516,0.02206919424098633,0.4516475674638179,0.37918929808381246
0.4324853228962818,0.022034629801210945,0.4541061722698834,0.37662919713667425
0.4344422700587084,0.02199704616329835,0.4565650583322462,0.3740230817749659
0.436399217221135,0.02195627217104876,0.4590241617706707,0.37137084764885797
0.4383561643835616,0.02256868921413619,0.46146410806610144,0.36868880274058213
0.44031311154598823,0.02252349001495721,0.4639233775688221,0.36594601354343614
0.44227005870841485,0.022474634740586554,0.46638267638853476,0.3631568114218418
0.44422700587084146,0.022421920957026192,0.468841942478659,0.36032109871879076
0.4461839530332681,0.023032374518294617,0.47128148964624555,0.35746320585002006
0.4481409001956947,0.02297419212658598,0.4737404309046263,0.3545362153557829
0.4500978473581213,0.022911589627724698,0.476199157291379,0.35156244242590784
0.4520547945205479,0.022844327770409182,0.478657608913504,0.3485417964927111
0.45401174168297453,0.023451679117798545,0.48109580173767047,0.34550680416328194
0.45596868884540115,0.023377646129727397,0.4835534545128423,0.3423942257473558
0.45792563600782776,0.023298279315175863,0.48601065727416876,0.33923452647647007
0.4598825831702544,0.02390316466892335,0.48844721017051224,0.33606651558372297
0.461839530332681,0.02381590568710069,0.4909032716221266,0.3328144489231194
0.4637964774951076,0.02372254423527544,0.49335871362390366,0.32951503324545484
0.4657534246575342,0.02362276492812141,0.4958134808392744,0.32616819136132663
0.46771037181996084,0.024221395520443067,0.49824709775683734,0.3228213280085531
0.46966731898238745,0.024111859805433195,0.5007002855700787,0.3193816014716051
0.47162426614481406,0.02399499911046579,0.5031526378086505,0.3158942475314947
0.4735812133072407,0.02458826998271077,0.5055834789041089,0.31241331533989114
0.4755381604696673,0.024460066824681655,0.5080339393015043,0.30883275744917255
0.4774951076320939,0.024323521312254688,0.5104834104845088,0.3052043930301908
0.4794520547945205,0.024909736731987587,0.5129110231547235,0.3015891225062725
0.48140900195694714,0.024760040776851507,0.5153583048597391,0.29786729240378484
0.48336594911937375,0.025342102112950897,0.517783502964856,0.29416316150074756
0.48532289628180036,0.025177998304519136,0.5202284060119305,0.2903477461065383
0.487279843444227,0.025003639979730412,0.5226720814632895,0.28648428849833996
0.4892367906066536,0.025575174592732265,0.5250933492972494,0.28264568933620826
0.4911937377690802,0.025384213968548154,0.5275343757513619,0.27868849654307176
0.4931506849315068,0.025949135564439767,0.5299527854761172,0.27476115002632256
0.49510763209393344,0.025740053850797254,0.5323909930518899,0.2707101910779158
0.49706457925636005,0.025518487231408437,0.5348277588354293,0.2666110300395794
0.49902152641878667,0.026068404563685435,0.537241608622411,0.26254954599829133
0.5009784735812133,0.025826138492655287,0.5396753158450637,0.258356600713118
0.5029354207436398,0.026366297288283512,0.5420859149827361,0.2542068541171346
0.5048923679060665,0.026101562280953762,0.5445164153409882,0.24992020092483946
0.5068493150684932,0.026630554983012287,0.5469236226783382,0.2456825415735398
0.5088062622309197,0.02634148867685303,0.5493507771580873,0.24130231024001575
0.5107632093933463,0.026857801686178157,0.5517544610581125,0.23697718481214025
0.512720156555773,0.026542456498522795,0.5541781403235839,0.2325035644137755
0.5146771037181996,0.027044475976466354,0.5565781790706331,0.22809153075747046
0.5166340508806262,0.026700829026401664,0.5589982638644929,0.2235247766231036
0.5185909980430528,0.027186848966125186,0.5613945460843414,0.21902652100947506
0.5205479452054794,0.02766764263325782,0.5637888846293279,0.2144872533374288
0.5225048923679061,0.027281047171427025,0.5662033527387674,0.20978332117015913
0.5244618395303327,0.02774320664097978,0.5685937887549559,0.20515928417602602
0.5264187866927592,0.027323080553731727,0.5710044118359573,0.2003633568155475
0.5283757338551859,0.027764713187397337,0.5733908617843465,0.19565568613856388
0.5303326810176126,0.02819896543222483,0.5757752659162336,0.19090887651339772
0.5322896281800391,0.027728044716782606,0.5781799516035772,0.1859784219546269
0.5342465753424657,0.028138906213663037,0.5805602677595098,0.1811503410865505
0.5362035225048923,0.028541013472252758,0.5829384953971403,0.17628480396438095
0.538160469667319,0.028014555607672437,0.5853371064011657,0.17122236320539785
0.5401174168297456,0.028390349651997607,0.5877111730755742,0.16627874870026993
0.5420743639921721,0.028755983285066136,0.590083123577854,0.1612999490041006
0.5440313111545988,0.029110995547577047,0.592452952519069,0.1562870048162205
0.5459882583170255,0.028505746739786196,0.5948433148769003,0.15105651987392923
0.547945205479452,0.028830609724526456,0.5972089349287719,0.14597192570258088
0.5499021526418786,0.029143463150242074,0.5995724277274139,0.14085668897757644
0.5518590998043053,0.029443859021721114,0.6019337956446135,0.13571243204445432
0.5538160469667319,0.02973135604618078,0.6042930431484096,0.13054099286031356
0.5557729941291585,0.029018797351597847,0.6066730362468785,0.1251194958264824
0.557729941291585,0.029271708205723064,0.6090281032842062,0.11989037423157428
0.5596868884540117,0.02951047874727535,0.6113810756488303,0.11464049028947135
0.5616438356164384,0.029734721616782925,0.6137319669563326,0.10937287964854525
0.5636007827788649,0.029944067213649832,0.6160807933455384,0.10409104049655837
0.5655577299412915,0.030138166064206735,0.6184275735910935,0.09879901970790522
0.5675146771037182,0.030316691222127677,0.6207723292284878,0.09350151771133722
0.5694716242661448,0.030479340693320017,0.6231150846935147,0.0882040164838796
0.5714285714285714,0.03062583987948746,0.6254558674785432,0.0829129360827669
0.573385518590998,0.030755944036861278,0.6277947083084738,0.07763582628531274
0.5753424657534246,0.030869440750387243,0.6301316413398929,0.07238160116212491
0.5772994129158513,0.030966152428777476,0.6324667043877452,0.0671608256185624
0.5792563600782779,0.031045938832598152,0.6347999391849379,0.06198606379427602
0.5812133072407044,0.031108699656591455,0.6371313916817049,0.05687229910711312
0.5831702544031311,0.031154377199822753,0.6394611123934978,0.051837433556192185
0.5851272015655578,0.0311829591732986,0.6417891568088431,0.046902867724899884
0.5870841487279843,0.031194481717274385,0.644115585872324,0.042094149555887854
0.5890410958904109,0.03118903273147384,0.6464404665632307,0.03745752810029448
0.5909980430528375,0.031166755666236206,0.6487638725983043,0.03326538132850235
0.5929549902152642,0.03449322084878087,0.6510158731327926,0.03126272588769889
0.5949119373776908,0.04231128174968358,0.6531750065546409,0.03165111142575111
0.5968688845401173,0.04856737428543994,0.6553588075389908,0.031433049873765
0.598825831702544,0.05532239199898508,0.6575202823821259,0.03178679177276484
0.6007827788649707,0.060059940231800536,0.6597208734517831,0.03181786206020365
0.6027397260273972,0.06274847242892775,0.6619677410363128,0.03168075055636449
0.6046966731898238,0.06621057256010965,0.66419209761398,0.032145833873528096
0.6066536203522505,0.06879002479883833,0.6664411597858623,0.03200517468686134
0.6086105675146771,0.07135528245559297,0.6686907120102351,0.03185991923506167
0.6105675146771037,0.07492701476995073,0.6709101643143287,0.03230900548396454
0.6125244618395302,0.07803451005574147,0.6731446975326171,0.03212149540828925
0.6144814090019569,0.08214530370321427,0.6753466194316228,0.032528371380261004
0.6164383561643836,0.08581536804111375,0.6775627974619921,0.032290023627308775
0.6183953033268101,0.09041166661172381,0.6797455521678185,0.03264978149189885
0.6203522504892367,0.095215918713587,0.6819181396674537,0.03298579052250017
0.6223091976516634,0.09961317628613905,0.6841038300322994,0.032663570507641536
0.62426614481409,0.10481835247482393,0.6862549713108909,0.03294525645550768
0.6262230919765166,0.11019186976555281,0.6883948520979106,0.03319961938415784
0.6281800391389432,0.11572228311720067,0.6905231256347278,0.033425477186349396
0.6301369863013698,0.1213989765636484,0.6926394528492126,0.033621651593820696
0.6320939334637965,0.1267234989384569,0.6947671139759183,0.03313789055671873
0.6340508806262231,0.13268419646205992,0.6968585492818516,0.03326796307474402
0.6360078277886496,0.13876310874316927,0.6989370614943827,0.03336484233714495
0.6379647749510763,0.14495271931307283,0.7010023387676607,0.03342736278560869
0.639921722113503,0.15166054980044247,0.7030305184935026,0.03411625818450573
0.6418786692759295,0.1580353142257996,0.705068433813869,0.03410976454395701
0.6438356164383561,0.16450276519804705,0.7070922173166325,0.03406542558316334
0.6457925636007827,0.1710576304294338,0.7091015810555615,0.0339820873993144
0.6477495107632094,0.17804858013515112,0.7110727703907369,0.034533560913004725
0.649706457925636,0.18475111003327144,0.7130524809549901,0.03437193494724393
0.6516634050880625,0.19152840631247312,0.7150169437261515,0.0341678611601695
0.6536203522504892,0.1986923005605426,0.716942507223119,0.03460496801465918
0.6555772994129159,0.20559692985094447,0.7188757171638841,0.034315718726207416
0.6575342465753424,0.2128597278307875,0.7207695835741292,0.03467199021348856
0.659491193737769,0.22016377086718186,0.7226472499170545,0.03498786393609265
0.6614481409001957,0.2272349770613405,0.7245317199779114,0.03456387519113908
0.6634050880626223,0.23462726565697267,0.7263762391631841,0.03479206135612305
0.6653620352250489,0.24205673813570566,0.7282038613282314,0.034976432890562466
0.6673189823874754,0.24952233553116387,0.7300143657146525,0.03511585902540455
0.6692759295499021,0.2570230405814651,0.7318075368409341,0.035209215308931195
0.6712328767123288,0.2645578738773195,0.7335831644689428,0.03525538412279713
0.6731898238747553,0.2721258904710704,0.7353410435701504,0.0352532552080378
0.6751467710371819,0.27972617688918666,0.7370809742911265,0.035201726199632244
0.6771037181996086,0.28756632544942745,0.7387799431638395,0.035825368849147395
0.6790606653620352,0.29522199948071776,0.7404834651440662,0.03567513267607467
0.6810176125244618,0.302907633519658,0.7421684732908649,0.035472228907950716
0.6829745596868884,0.3108119497676592,0.7438121779300642,0.035951693526723845
0.684931506849315,0.3185492794659046,0.7454597026176375,0.035643594094559916
0.6868884540117417,0.3264924968052622,0.7470657393654402,0.03602276891395415
0.6888454011741683,0.33445193060967393,0.7486527450360371,0.03635204332440982
0.6908023483365948,0.3422599630391491,0.7502428574462093,0.035879883643084504
0.6927592954990215,0.35025636217354983,0.751791271340367,0.036102525281714856
0.6947162426614482,0.35826823606530406,0.7533202206359856,0.036272126399590036
0.6966731898238747,0.36629535715566286,0.7548295721145879,0.03638765981980596
0.6986301369863013,0.3743374757997335,0.7563191974661766,0.03644811102894852
0.700587084148728,0.38239432294964043,0.7577889732249109,0.036452478704507185
0.7025440313111546,0.39046561256214407,0.7592387807017129,0.036399775236393324
0.7045009784735812,0.39855104376424066,0.7606685059138413,0.03628902724179399
0.7064579256360077,0.40678206052295063,0.762056591428994,0.036898595092721684
0.7084148727984344,0.4148909838077892,0.763445953200015,0.036672433802609865
0.7103718199608611,0.42313733383382335,0.7647937264616342,0.037172157760218656
0.7123287671232876,0.43126885755031963,0.7661423423243457,0.0368268058982498
0.7142857142857142,0.43953003388234246,0.7674494579667936,0.037212909121285366
0.7162426614481409,0.4476831365076917,0.7687569812019616,0.036744715470622524
0.7181996086105675,0.4559584700307247,0.7700231295390156,0.03701354737426628
0.7201565557729941,0.46423895451251246,0.7712687648672971,0.03722433825088412
0.7221135029354206,0.472524462480523,0.7724938277223329,0.03737620958227535
0.7240704500978473,0.48081484838367666,0.773698262796103,0.03746829992034996
0.726027397260274,0.48910995067505786,0.7748820188371773,0.037499765276962554
0.7279843444227005,0.4974095937068325,0.7760450485489615,0.0374697795000022
0.7299412915851271,0.5057135894564743,0.7771873084861917,0.03737753463528156
0.7318982387475538,0.5140217391010928,0.7783087589498328,0.03722224127382807
0.7338551859099804,0.5224199919341889,0.779390094932864,0.037835335903701944
0.735812133072407,0.5307331195510927,0.7804700180037196,0.03755536000334537
0.7377690802348336,0.5391306073229983,0.7815101677335112,0.038050093068176125
0.7397260273972602,0.5474480437630457,0.7825484704786683,0.03764243174810197
0.7416829745596869,0.5558442835653407,0.7835473784890741,0.038015807614730494
0.7436399217221135,0.5641652869789894,0.7845439948888242,0.0374776123388594
0.74559686888454,0.5725597124351696,0.7855016322967582,0.03772678866084583
0.7475538160469667,0.5809517927021617,0.7864387471550195,0.037914864308305894
0.7495107632093934,0.5893414077010086,0.7873553477622712,0.03804117006247311
0.7514677103718199,0.5977284291391538,0.7882514453256367,0.03810505628592238
0.7534246575342465,0.6061127216351767,0.7891270538439985,0.03810589309416055
0.7553816046966731,0.614494143750127,0.7899821899913942,0.038043070510659395
0.7573385518590998,0.6228725489334355,0.7908168730006396,0.037915998605340374
0.7592954990215264,0.631247786390581,0.7916311245473019,0.037724107616548645
0.7612524461839529,0.6396722457995803,0.7924089972753129,0.0383545176102731
0.7632093933463796,0.6480385741002813,0.7931827447082628,0.03803524638679275
0.7651663405088063,0.6564496399123741,0.7939207504049313,0.03854543206328577
0.7671232876712328,0.664806544789234,0.7946541346851963,0.03809666739336371
0.7690802348336594,0.6732038117285206,0.7953524506145948,0.038484524555018426
0.7710371819960861,0.6815930159234515,0.79603114934391,0.03881261714841495
0.7729941291585127,0.689933789842981,0.7967044479883667,0.03816789532538861
0.7749510763209393,0.6983085638400679,0.7973437590060277,0.03837078117779568
0.7769080234833659,0.7066749875011297,0.7979636225858232,0.038512525877512215
0.7788649706457925,0.7150329688627892,0.7985641009564375,0.03859270381104227
0.7808219178082192,0.7233824142490822,0.7991452577830839,0.03861090858047982
0.7827788649706457,0.7317232287837029,0.799707158060123,0.038566752947435244
0.7847358121330723,0.7400553168589873,0.8002498680053076,0.0384598687633385
0.786692759295499,0.7483785825648509,0.8007734549557105,0.03828990688641055
0.7886497064579256,0.7567182370350964,0.8012666531905892,0.039002584311723126
0.7906066536203522,0.7650217919472699,0.8017525876410996,0.03870959916965556
0.7925636007827788,0.7733162569459983,0.8022196145992061,0.0383525830012971
0.7945205479452054,0.7816215512432954,0.8026576571695743,0.03889006717467442
0.7964774951076321,0.7898958292739663,0.8030874934140172,0.038408233387328745
0.7984344422700587,0.7981773230496287,0.8034893272431712,0.03882897525329477
0.8003913894324852,0.8064497705029169,0.803871809511499,0.039293850905084096
0.8023483365949119,0.8147809720260839,0.8042166474261885,0.03932794583907953
0.8043052837573386,0.823218527415168,0.8045053019143291,0.03962987496384429
0.8062622309197651,0.8317621659365523,0.8047365134978599,0.040199669248813824
0.8082191780821917,0.8404039380738982,0.8049157911911191,0.040077797841561964
0.8101761252446184,0.8491606386240919,0.805027672463753,0.04116953295203792
0.812133072407045,0.8580183766658334,0.8050838331605411,0.0415783230187407
0.8140900195694716,0.8669820813300284,0.8050811785643929,0.04132960184497712
0.8160469667318981,0.8760578403723311,0.8050074351338006,0.04226345693197447
0.8180039138943248,0.885242241835678,0.804870750465026,0.04254551863470877
0.8199608610567515,0.894537182640665,0.8046644487432811,0.043088226602265474
0.821917808219178,0.903942164836754,0.8043869393088297,0.0438845121084871
0.8238747553816046,0.9134629711007068,0.8040386571657726,0.04405724691704526
0.8258317025440313,0.9230961489471896,0.8036145692139673,0.04448842061995339
0.8277886497064579,0.9328410746522109,0.8031129314671407,0.04517173765751039
0.8297455968688845,0.942708506962808,0.8025320083306058,0.04525443916402413
0.831702544031311,0.9526896935999091,0.8018685246444579,0.0455927295810434
0.8336594911937377,0.9594711098717682,0.8014314351625826,0.14924766327395275
0.8356164383561644,0.9634875587329662,0.8014814153216547,0.2336891082383013
0.837573385518591,0.9664131339750875,0.8018969685766065,0.2946979907149353
0.8395303326810175,0.968676428387563,0.8025945613149603,0.3429225574379874
0.8414872798434442,0.9705691260298782,0.8035030714267566,0.38255416998943265
0.8434442270058709,0.9721772916739112,0.8045863402215964,0.416392780597258
0.8454011741682974,0.9735710551585678,0.8058157622797713,0.4459608699471523
0.847358121330724,0.9748453646523051,0.8071607442212645,0.4720583490842542
0.8493150684931506,0.9759700837443911,0.8086165073467353,0.4956164419682138
0.8512720156555773,0.9769587868364896,0.8101725206856709,0.5171265106255366
0.8532289628180039,0.9779038473937066,0.8118031364305999,0.5367092225311992
0.8551859099804304,0.9787833223990462,0.8135066860071336,0.5547623782903303
0.8571428571428571,0.9795488678271141,0.8152887113235648,0.5716520685975728
0.8590998043052838,0.9803147755033824,0.8171202439568087,0.5872737357680782
0.8610567514677103,0.981009921207657,0.8190129779848591,0.6019648147713959
0.8630136986301369,0.9816760129489871,0.8209543661854368,0.615753733009013
0.8649706457925636,0.9822828166293346,0.8229483736099601,0.6288110026997499
0.8669275929549902,0.9828627420111976,0.8249850086454861,0.6411555385901193
0.8688845401174168,0.9834481051301024,0.827054236361162,0.6528043279538452
0.8708414872798433,0.9839906162036461,0.829165211485632,0.6639155288337323
0.87279843444227,0.9844303620961693,0.8313305558482977,0.6746424994182371
0.8747553816046967,0.9849546667981227,0.8335034882074965,0.6847112522511895
0.8767123287671232,0.9854174008886892,0.8357175286252416,0.694414658259206
0.8786692759295498,0.9858335011161395,0.8379677387338045,0.7037596422297578
0.8806262230919765,0.9863126434905766,0.8402256623691281,0.7126140012771298
0.8825831702544031,0.986683304430343,0.8425324740344016,0.7212621237739862
0.8845401174168297,0.9870524388041996,0.8448605409549402,0.7295704149228907
0.8864970645792563,0.987435160045646,0.8472048819798359,0.7375444841053709
0.8884540117416829,0.9878465966155275,0.8495605246093776,0.7451896887145727
0.8904109589041096,0.9881934266668316,0.8519501272273893,0.7526465329545605
0.8923679060665362,0.9884826528595206,0.8543711628693935,0.7599180897164098
0.8943248532289627,0.9888352403034676,0.8567918756973472,0.7668731709041008
0.8962818003913894,0.9891498385426568,0.8592373465204013,0.7736499920521713
0.898238747553816,0.989433630387622,0.8617050326793004,0.7802513093196125
0.9001956947162426,0.9898157499226253,0.8641608429437933,0.7865473239695091
0.9021526418786692,0.9900623576926303,0.8666645564062151,0.7928061207751289
0.9041095890410958,0.9903000259716087,0.869182851426841,0.7988972031376929
0.9060665362035225,0.9906659079638306,0.871679394279914,0.8046921020694564
0.9080234833659491,0.9909104918217492,0.87421851148221,0.8104555368915124
0.9099804305283756,0.9911683782489299,0.8767646320082515,0.816058395489584
0.9119373776908023,0.9914470382904471,0.8793152551533787,0.8215029226584695
0.913894324853229,0.991613945454283,0.8819045511200806,0.8269203537431563
0.9158512720156555,0.9919541041263636,0.8844574487744994,0.8320542459541388
0.9178082191780821,0.9921925068812708,0.887045482793534,0.8371643539570057
0.9197651663405088,0.9924767086906093,0.8896295679960823,0.8421236284772278
0.9217221135029354,0.9926643203900111,0.8922466283509561,0.8470614321267461
0.923679060665362,0.9929079259862555,0.8948562495637823,0.8518514633182491
0.9256360078277885,0.9930603309667062,0.8974966540924714,0.8566222496861249
0.9275929549902152,0.9932790544957798,0.9001261593970117,0.8612481778850393
0.9295499021526419,0.9935716410342598,0.9027424527108534,0.8657309840272642
0.9315068493150684,0.9937838036937704,0.9053856422588857,0.8701980199654848
0.933463796477495,0.9939161130877098,0.9080552195045748,0.874649957429332
0.9354207436399217,0.9941355609948087,0.9107071537331498,0.878962382333297
0.9373776908023483,0.9942810591735779,0.9133832884270547,0.8832616268930762
0.9393346379647749,0.9945241353197188,0.916038520598117,0.8874237887679741
0.9412915851272015,0.9946992628068733,0.9187158002422762,0.8915745696627349
0.9432485322896281,0.9949823318562018,0.9213690209879004,0.8955905219846665
0.9452054794520548,0.9952035019475077,0.924042187007048,0.8995967666164957
0.9471624266144814,0.9953637568368229,0.9267347323674591,0.9035938747493613
0.9491193737769079,0.9954641571116732,0.929446066426577,0.9075824157141089
0.9510763209393346,0.9956889313475578,0.9321282466658517,0.9114397233103234
0.9530332681017613,0.9958600899641309,0.9348271619746209,0.9152899414261992
0.9549902152641878,0.9959788313863202,0.9375422125865631,0.9191335887330511
0.9569471624266144,0.996235142759398,0.9402242900770519,0.9228484357179398
0.958904109589041,0.9964452455760701,0.9429205491724987,0.9265580083160601
0.9608610567514677,0.9966104349257737,0.945630396965338,0.9302627678255448
0.9628180039138943,0.9967320627727266,0.9483532272888308,0.9339631667485603
0.9647749510763208,0.9970071215296789,0.951038628561761,0.9375373993842518
0.9667318982387475,0.9970475323354439,0.9537852842731439,0.9412304904875475
0.9686888454011742,0.9972474835454,0.9564927264691035,0.9447984395646608
0.9706457925636007,0.9974128167486781,0.9592101643501517,0.9483638734277874
0.9726027397260273,0.9975449952768173,0.9619370088723261,0.9519271589740205
0.974559686888454,0.997848647835245,0.9646216478138806,0.9553667840575074
0.9765166340508806,0.9979204128182059,0.9673653407467028,0.9589268730327983
0.9784735812133072,0.998169352883855,0.9700652954942629,0.962364052224067
0.9804305283757337,0.9981866888025422,0.9728235486552884,0.9659222298232565
0.9823874755381604,0.9983867901139253,0.9755366150015935,0.9693581640299217
0.9843444227005871,0.998565274708081,0.9782553609924681,0.9727939028733851
0.9863013698630136,0.99872357535272,0.9809792726364429,0.9762297021860914
0.9882583170254402,0.9988631135083869,0.9837078465268806,0.979665805910433
0.9902152641878669,0.998985292274963,0.9864405919778115,0.9831024460649215
0.9921722113502935,0.9993051945612353,0.9891248719869491,0.9864181129952722
0.9941291585127201,0.9993983769887592,0.9918642951956008,0.9898565438419084
0.9960861056751467,0.9994785135448719,0.9946064290057656,0.9932961724358428
0.9980430528375733,0.9997621612056479,0.9972989360644725,0.9966152191438086
1.0,1.0,1.0,1.0
