scalar,RGB_r,RGB_g,RGB_b
0.0000000000,0.0653169640,0.0763885299,0.0942627644
0.0019569472,0.0671136107,0.0779564057,0.0955469150
0.0039138943,0.0688681748,0.0794989481,0.0968276890
0.0058708415,0.0705791600,0.0810176602,0.0981100280
0.0078277886,0.0722478830,0.0825136462,0.0993950263
0.0097847358,0.0738759618,0.0839878877,0.1006831851
0.0117416830,0.0754650365,0.0854412836,0.1019747755
0.0136986301,0.0770166914,0.0868746666,0.1032699539
0.0156555773,0.0785324284,0.0882888128,0.1045688111
0.0176125245,0.0800136606,0.0896844484,0.1058713978
0.0195694716,0.0814617127,0.0910622547,0.1071777381
0.0215264188,0.0828778245,0.0924228725,0.1084878376
0.0234833659,0.0842707230,0.0937705948,0.1098011670
0.0254403131,0.0856649756,0.0951193952,0.1111158699
0.0273972603,0.0870623100,0.0964705492,0.1124318212
0.0293542074,0.0884626771,0.0978240481,0.1137490560
0.0313111546,0.0898660326,0.0991798827,0.1150676044
0.0332681018,0.0912723364,0.1005380436,0.1163874916
0.0352250489,0.0926815517,0.1018985211,0.1177087389
0.0371819961,0.0940936444,0.1032613055,0.1190313647
0.0391389432,0.0955085831,0.1046263869,0.1203553846
0.0410958904,0.0969263383,0.1059937552,0.1216808120
0.0430528376,0.0983468823,0.1073634005,0.1230076584
0.0450097847,0.0997701892,0.1087353126,0.1243359335
0.0469667319,0.1011962341,0.1101094815,0.1256656455
0.0489236791,0.1026249939,0.1114858970,0.1269968017
0.0508806262,0.1040564461,0.1128645492,0.1283294079
0.0528375734,0.1054905696,0.1142454281,0.1296634691
0.0547945205,0.1069273438,0.1156285235,0.1309989894
0.0567514677,0.1083667493,0.1170138255,0.1323359722
0.0587084149,0.1098087672,0.1184013244,0.1336744202
0.0606653620,0.1112533793,0.1197910101,0.1350143354
0.0626223092,0.1127005681,0.1211828730,0.1363557194
0.0645792564,0.1141503166,0.1225769032,0.1376985731
0.0665362035,0.1156026084,0.1239730913,0.1390428973
0.0684931507,0.1170574274,0.1253714274,0.1403886921
0.0704500978,0.1185147583,0.1267719023,0.1417359573
0.0724070450,0.1199745858,0.1281745063,0.1430846925
0.0743639922,0.1214368953,0.1295792301,0.1444348970
0.0763209393,0.1229016725,0.1309860645,0.1457865696
0.0782778865,0.1243689033,0.1323950002,0.1471397092
0.0802348337,0.1258385741,0.1338060280,0.1484943142
0.0821917808,0.1273106715,0.1352191390,0.1498503829
0.0841487280,0.1287851823,0.1366343240,0.1512079136
0.0861056751,0.1302620939,0.1380515742,0.1525669040
0.0880626223,0.1317413937,0.1394708807,0.1539273521
0.0900195695,0.1332230693,0.1408922347,0.1552892555
0.0919765166,0.1347071087,0.1423156276,0.1566526118
0.0939334638,0.1361934999,0.1437410508,0.1580174184
0.0958904110,0.1376822314,0.1451684957,0.1593836726
0.0978473581,0.1391732918,0.1465979538,0.1607513717
0.0998043053,0.1406666697,0.1480294167,0.1621205127
0.1017612524,0.1421623541,0.1494628761,0.1634910928
0.1037181996,0.1436603341,0.1508983238,0.1648631090
0.1056751468,0.1451605990,0.1523357516,0.1662365581
0.1076320939,0.1466631382,0.1537751514,0.1676114370
0.1095890411,0.1481679413,0.1552165151,0.1689877426
0.1115459883,0.1496749981,0.1566598347,0.1703654716
0.1135029354,0.1511842985,0.1581051025,0.1717446207
0.1154598826,0.1526958325,0.1595523105,0.1731251865
0.1174168297,0.1542095903,0.1610014510,0.1745071657
0.1193737769,0.1557255622,0.1624525163,0.1758905550
0.1213307241,0.1572437386,0.1639054988,0.1772753508
0.1232876712,0.1587641101,0.1653603910,0.1786615497
0.1252446184,0.1602866674,0.1668171852,0.1800491482
0.1272015656,0.1618114012,0.1682758742,0.1814381429
0.1291585127,0.1633383025,0.1697364505,0.1828285301
0.1311154599,0.1648673623,0.1711989068,0.1842203064
0.1330724070,0.1663985717,0.1726632360,0.1856134683
0.1350293542,0.1679319219,0.1741294307,0.1870080120
0.1369863014,0.1694674043,0.1755974840,0.1884039342
0.1389432485,0.1710050103,0.1770673887,0.1898012311
0.1409001957,0.1725447314,0.1785391379,0.1911998992
0.1428571429,0.1740865593,0.1800127246,0.1925999350
0.1448140900,0.1756304857,0.1814881420,0.1940013347
0.1467710372,0.1771765023,0.1829653831,0.1954040948
0.1487279843,0.1787246010,0.1844444414,0.1968082118
0.1506849315,0.1802747739,0.1859253099,0.1982136819
0.1526418787,0.1818270129,0.1874079822,0.1996205016
0.1545988258,0.1833813103,0.1888924516,0.2010286674
0.1565557730,0.1849376582,0.1903787115,0.2024381755
0.1585127202,0.1864960489,0.1918667555,0.2038490224
0.1604696673,0.1880564748,0.1933565772,0.2052612045
0.1624266145,0.1896189284,0.1948481700,0.2066747183
0.1643835616,0.1911834021,0.1963415278,0.2080895602
0.1663405088,0.1927498886,0.1978366443,0.2095057265
0.1682974560,0.1943183806,0.1993335131,0.2109232138
0.1702544031,0.1958888707,0.2008321282,0.2123420184
0.1722113503,0.1974613518,0.2023324833,0.2137621369
0.1741682975,0.1990358167,0.2038345725,0.2151835656
0.1761252446,0.2006122584,0.2053383897,0.2166063011
0.1780821918,0.2021906699,0.2068439288,0.2180303399
0.1800391389,0.2037710442,0.2083511840,0.2194556785
0.1819960861,0.2053533744,0.2098601494,0.2208823132
0.1839530333,0.2069376538,0.2113708191,0.2223102408
0.1859099804,0.2085238756,0.2128831873,0.2237394576
0.1878669276,0.2101120331,0.2143972482,0.2251699603
0.1898238748,0.2117021197,0.2159129962,0.2266017454
0.1917808219,0.2132941287,0.2174304256,0.2280348094
0.1937377691,0.2148880537,0.2189495307,0.2294691489
0.1956947162,0.2164838882,0.2204703060,0.2309047606
0.1976516634,0.2180816257,0.2219927460,0.2323416409
0.1996086106,0.2196812600,0.2235168450,0.2337797866
0.2015655577,0.2212827846,0.2250425978,0.2352191943
0.2035225049,0.2228861934,0.2265699988,0.2366598606
0.2054794521,0.2244914802,0.2280990427,0.2381017821
0.2074363992,0.2260986388,0.2296297242,0.2395449555
0.2093933464,0.2277076630,0.2311620380,0.2409893776
0.2113502935,0.2293185469,0.2326959787,0.2424350450
0.2133072407,0.2309312844,0.2342315413,0.2438819544
0.2152641879,0.2325458696,0.2357687204,0.2453301025
0.2172211350,0.2341622966,0.2373075110,0.2467794861
0.2191780822,0.2357805594,0.2388479080,0.2482301020
0.2211350294,0.2374006523,0.2403899064,0.2496819469
0.2230919765,0.2390225695,0.2419335009,0.2511350176
0.2250489237,0.2406463053,0.2434786868,0.2525893108
0.2270058708,0.2422718540,0.2450254590,0.2540448235
0.2289628180,0.2438992099,0.2465738126,0.2555015524
0.2309197652,0.2455283674,0.2481237427,0.2569594944
0.2328767123,0.2471593210,0.2496752445,0.2584186462
0.2348336595,0.2487920652,0.2512283131,0.2598790049
0.2367906067,0.2504265945,0.2527829438,0.2613405673
0.2387475538,0.2520629034,0.2543391318,0.2628033302
0.2407045010,0.2537009866,0.2558968724,0.2642672907
0.2426614481,0.2553408387,0.2574561609,0.2657324455
0.2446183953,0.2569824543,0.2590169927,0.2671987917
0.2465753425,0.2586258283,0.2605793631,0.2686663263
0.2485322896,0.2602709553,0.2621432675,0.2701350461
0.2504892368,0.2619178302,0.2637087015,0.2716049482
0.2524461840,0.2635664478,0.2652756604,0.2730760296
0.2544031311,0.2652168030,0.2668441398,0.2745482873
0.2563600783,0.2668688906,0.2684141352,0.2760217183
0.2583170254,0.2685227056,0.2699856422,0.2774963196
0.2602739726,0.2701782431,0.2715586564,0.2789720884
0.2622309198,0.2718354979,0.2731331733,0.2804490217
0.2641878669,0.2734944652,0.2747091887,0.2819271166
0.2661448141,0.2751551401,0.2762866982,0.2834063702
0.2681017613,0.2768175176,0.2778656976,0.2848867795
0.2700587084,0.2784815929,0.2794461826,0.2863683418
0.2720156556,0.2801473611,0.2810281489,0.2878510542
0.2739726027,0.2818148176,0.2826115924,0.2893349138
0.2759295499,0.2834839576,0.2841965089,0.2908199178
0.2778864971,0.2851547762,0.2857828942,0.2923060633
0.2798434442,0.2868272689,0.2873707441,0.2937933477
0.2818003914,0.2885014310,0.2889600547,0.2952817680
0.2837573386,0.2901772578,0.2905508219,0.2967713216
0.2857142857,0.2918547447,0.2921430415,0.2982620056
0.2876712329,0.2935338873,0.2937367096,0.2997538173
0.2896281800,0.2952146809,0.2953318223,0.3012467540
0.2915851272,0.2968971210,0.2969283754,0.3027408130
0.2935420744,0.2985812033,0.2985263651,0.3042359914
0.2954990215,0.3002669231,0.3001257875,0.3057322868
0.2974559687,0.3019542761,0.3017266386,0.3072296963
0.2994129159,0.3036432579,0.3033289147,0.3087282173
0.3013698630,0.3053338642,0.3049326118,0.3102278472
0.3033268102,0.3070260905,0.3065377262,0.3117285833
0.3052837573,0.3087199326,0.3081442540,0.3132304229
0.3072407045,0.3104153863,0.3097521915,0.3147333635
0.3091976517,0.3121124472,0.3113615349,0.3162374025
0.3111545988,0.3138111111,0.3129722805,0.3177425372
0.3131115460,0.3155113739,0.3145844246,0.3192487651
0.3150684932,0.3172132313,0.3161979635,0.3207560837
0.3170254403,0.3189166791,0.3178128936,0.3222644903
0.3189823875,0.3206217134,0.3194292113,0.3237739824
0.3209393346,0.3223283299,0.3210469128,0.3252845576
0.3228962818,0.3240365247,0.3226659946,0.3267962132
0.3248532290,0.3257462935,0.3242864532,0.3283089468
0.3268101761,0.3274576325,0.3259082850,0.3298227559
0.3287671233,0.3291705376,0.3275314865,0.3313376380
0.3307240705,0.3308850049,0.3291560541,0.3328535907
0.3326810176,0.3326010304,0.3307819844,0.3343706114
0.3346379648,0.3343186101,0.3324092739,0.3358886978
0.3365949119,0.3360377401,0.3340379192,0.3374078474
0.3385518591,0.3377584167,0.3356679168,0.3389280577
0.3405088063,0.3394806358,0.3372992634,0.3404493265
0.3424657534,0.3412043938,0.3389319555,0.3419716512
0.3444227006,0.3429296867,0.3405659897,0.3434950295
0.3463796477,0.3446565107,0.3422013629,0.3450194591
0.3483365949,0.3463848622,0.3438380715,0.3465449375
0.3502935421,0.3481147373,0.3454761123,0.3480714624
0.3522504892,0.3498461324,0.3471154820,0.3495990315
0.3542074364,0.3515790436,0.3487561774,0.3511276424
0.3561643836,0.3533134674,0.3503981951,0.3526572928
0.3581213307,0.3550494001,0.3520415320,0.3541879804
0.3600782779,0.3567868380,0.3536861849,0.3557197030
0.3620352250,0.3585257775,0.3553321505,0.3572524581
0.3639921722,0.3602662150,0.3569794256,0.3587862437
0.3659491194,0.3620081470,0.3586280072,0.3603210573
0.3679060665,0.3637515698,0.3602778920,0.3618568967
0.3698630137,0.3654964800,0.3619290769,0.3633937598
0.3718199609,0.3672428739,0.3635815589,0.3649316442
0.3737769080,0.3689907482,0.3652353347,0.3664705477
0.3757338552,0.3707400993,0.3668904015,0.3680104681
0.3776908023,0.3724909237,0.3685467560,0.3695514033
0.3796477495,0.3742432181,0.3702043953,0.3710933510
0.3816046967,0.3759969790,0.3718633163,0.3726363091
0.3835616438,0.3777522030,0.3735235161,0.3741802753
0.3855185910,0.3795088866,0.3751849916,0.3757252476
0.3874755382,0.3812670267,0.3768477398,0.3772712237
0.3894324853,0.3830266197,0.3785117578,0.3788182015
0.3913894325,0.3847876623,0.3801770427,0.3803661789
0.3933463796,0.3865501513,0.3818435915,0.3819151539
0.3953033268,0.3883140834,0.3835114013,0.3834651241
0.3972602740,0.3900794552,0.3851804693,0.3850160877
0.3992172211,0.3918462635,0.3868507925,0.3865680424
0.4011741683,0.3936145051,0.3885223680,0.3881209862
0.4031311155,0.3953841767,0.3901951931,0.3896749169
0.4050880626,0.3971552752,0.3918692648,0.3912298327
0.4070450098,0.3989277973,0.3935445804,0.3927857313
0.4090019569,0.4007017398,0.3952211371,0.3943426108
0.4109589041,0.4024770997,0.3968989320,0.3959004691
0.4129158513,0.4042538737,0.3985779625,0.3974593042
0.4148727984,0.4060320588,0.4002582256,0.3990191141
0.4168297456,0.4078116518,0.4019397187,0.4005798967
0.4187866928,0.4095926496,0.4036224391,0.4021416500
0.4207436399,0.4113750492,0.4053063840,0.4037043722
0.4227005871,0.4131588474,0.4069915507,0.4052680611
0.4246575342,0.4149440413,0.4086779365,0.4068327148
0.4266144814,0.4167306278,0.4103655388,0.4083983314
0.4285714286,0.4185186040,0.4120543548,0.4099649089
0.4305283757,0.4203079667,0.4137443820,0.4115324454
0.4324853229,0.4220987131,0.4154356177,0.4131009388
0.4344422701,0.4238908401,0.4171280592,0.4146703873
0.4363992172,0.4256843447,0.4188217040,0.4162407890
0.4383561644,0.4274792242,0.4205165495,0.4178121420
0.4403131115,0.4292754755,0.4222125930,0.4193844443
0.4422700587,0.4310730957,0.4239098320,0.4209576940
0.4442270059,0.4328720819,0.4256082640,0.4225318893
0.4461839530,0.4346724313,0.4273078863,0.4241070282
0.4481409002,0.4364741409,0.4290086966,0.4256831090
0.4500978474,0.4382772080,0.4307106921,0.4272601298
0.4520547945,0.4400816296,0.4324138705,0.4288380886
0.4540117417,0.4418874031,0.4341182292,0.4304169837
0.4559686888,0.4436945254,0.4358237657,0.4319968131
0.4579256360,0.4455029940,0.4375304776,0.4335775752
0.4598825832,0.4473128059,0.4392383625,0.4351592680
0.4618395303,0.4491239584,0.4409474177,0.4367418897
0.4637964775,0.4509364487,0.4426576410,0.4383254386
0.4657534247,0.4527502741,0.4443690299,0.4399099128
0.4677103718,0.4545654320,0.4460815820,0.4414953106
0.4696673190,0.4563819194,0.4477952949,0.4430816301
0.4716242661,0.4581997338,0.4495101662,0.4446688695
0.4735812133,0.4600188725,0.4512261934,0.4462570272
0.4755381605,0.4618393328,0.4529433743,0.4478461014
0.4774951076,0.4636611119,0.4546617065,0.4494360902
0.4794520548,0.4654842074,0.4563811877,0.4510269920
0.4814090020,0.4673086164,0.4581018154,0.4526188050
0.4833659491,0.4691343365,0.4598235874,0.4542115274
0.4853228963,0.4709613649,0.4615465014,0.4558051576
0.4872798434,0.4727896992,0.4632705551,0.4573996939
0.4892367906,0.4746193366,0.4649957461,0.4589951345
0.4911937378,0.4764502746,0.4667220723,0.4605914776
0.4931506849,0.4782825106,0.4684495312,0.4621887217
0.4951076321,0.4801160422,0.4701781208,0.4637868651
0.4970645793,0.4819508666,0.4719078386,0.4653859060
0.4990215264,0.4837869815,0.4736386826,0.4669858428
0.5009784736,0.4856243843,0.4753706503,0.4685866737
0.5029354207,0.4874630725,0.4771037397,0.4701883973
0.5048923679,0.4893030435,0.4788379486,0.4717910117
0.5068493151,0.4911442950,0.4805732746,0.4733945154
0.5088062622,0.4929868243,0.4823097157,0.4749989066
0.5107632094,0.4948306292,0.4840472697,0.4766041839
0.5127201566,0.4966757070,0.4857859344,0.4782103454
0.5146771037,0.4985220555,0.4875257076,0.4798173897
0.5166340509,0.5003696720,0.4892665871,0.4814253151
0.5185909980,0.5022185543,0.4910085709,0.4830341201
0.5205479452,0.5040686999,0.4927516569,0.4846438029
0.5225048924,0.5059201065,0.4944958428,0.4862543620
0.5244618395,0.5077727715,0.4962411266,0.4878657958
0.5264187867,0.5096266927,0.4979875063,0.4894781027
0.5283757339,0.5114818678,0.4997349796,0.4910912812
0.5303326810,0.5133382942,0.5014835445,0.4927053297
0.5322896282,0.5151959697,0.5032331989,0.4943202466
0.5342465753,0.5170548920,0.5049839409,0.4959360304
0.5362035225,0.5189150588,0.5067357682,0.4975526795
0.5381604697,0.5207764676,0.5084886789,0.4991701924
0.5401174168,0.5226391163,0.5102426710,0.5007885675
0.5420743640,0.5245030025,0.5119977423,0.5024078033
0.5440313112,0.5263681240,0.5137538910,0.5040278982
0.5459882583,0.5282344784,0.5155111149,0.5056488509
0.5479452055,0.5301020635,0.5172694121,0.5072706596
0.5499021526,0.5319708771,0.5190287806,0.5088933230
0.5518590998,0.5338409168,0.5207892184,0.5105168395
0.5538160470,0.5357121806,0.5225507235,0.5121412077
0.5557729941,0.5375846661,0.5243132939,0.5137664260
0.5577299413,0.5394583711,0.5260769277,0.5153924930
0.5596868885,0.5413332934,0.5278416230,0.5170194071
0.5616438356,0.5432094309,0.5296073778,0.5186471669
0.5636007828,0.5450867813,0.5313741901,0.5202757710
0.5655577299,0.5469653425,0.5331420581,0.5219052178
0.5675146771,0.5488451123,0.5349109798,0.5235355060
0.5694716243,0.5507260885,0.5366809533,0.5251666340
0.5714285714,0.5526082690,0.5384519767,0.5267986005
0.5733855186,0.5544916516,0.5402240481,0.5284314039
0.5753424658,0.5563762343,0.5419971657,0.5300650429
0.5772994129,0.5582620148,0.5437713275,0.5316995160
0.5792563601,0.5601489911,0.5455465317,0.5333348218
0.5812133072,0.5620371611,0.5473227764,0.5349709589
0.5831702544,0.5639265226,0.5491000597,0.5366079258
0.5851272016,0.5658170736,0.5508783798,0.5382457212
0.5870841487,0.5677088120,0.5526577350,0.5398843437
0.5890410959,0.5696017358,0.5544381232,0.5415237918
0.5909980431,0.5714958428,0.5562195428,0.5431640642
0.5929549902,0.5733911310,0.5580019919,0.5448051594
0.5949119374,0.5752875984,0.5597854686,0.5464470762
0.5968688845,0.5771852429,0.5615699713,0.5480898131
0.5988258317,0.5790840624,0.5633554980,0.5497333688
0.6007827789,0.5809840551,0.5651420471,0.5513777418
0.6027397260,0.5828852188,0.5669296166,0.5530229309
0.6046966732,0.5847875516,0.5687182049,0.5546689347
0.6066536204,0.5866910514,0.5705078102,0.5563157517
0.6086105675,0.5885957164,0.5722984307,0.5579633808
0.6105675147,0.5905015443,0.5740900646,0.5596118205
0.6125244618,0.5924085335,0.5758827103,0.5612610695
0.6144814090,0.5943166817,0.5776763660,0.5629111265
0.6164383562,0.5962259872,0.5794710299,0.5645619901
0.6183953033,0.5981364479,0.5812667004,0.5662136591
0.6203522505,0.6000480618,0.5830633757,0.5678661321
0.6223091977,0.6019608272,0.5848610540,0.5695194078
0.6242661448,0.6038747420,0.5866597338,0.5711734848
0.6262230920,0.6057898043,0.5884594133,0.5728283620
0.6281800391,0.6077060122,0.5902600907,0.5744840380
0.6301369863,0.6096233639,0.5920617645,0.5761405115
0.6320939335,0.6115418573,0.5938644330,0.5777977811
0.6340508806,0.6134614907,0.5956680944,0.5794558458
0.6360078278,0.6153822621,0.5974727471,0.5811147041
0.6379647750,0.6173041696,0.5992783895,0.5827743547
0.6399217221,0.6192272115,0.6010850198,0.5844347965
0.6418786693,0.6211513858,0.6028926366,0.5860960282
0.6438356164,0.6230766907,0.6047012380,0.5877580484
0.6457925636,0.6250031243,0.6065108226,0.5894208560
0.6477495108,0.6269306848,0.6083213886,0.5910844496
0.6497064579,0.6288593704,0.6101329344,0.5927488281
0.6516634051,0.6307891792,0.6119454584,0.5944139902
0.6536203523,0.6327201094,0.6137589591,0.5960799347
0.6555772994,0.6346521593,0.6155734348,0.5977466603
0.6575342466,0.6365853269,0.6173888839,0.5994141658
0.6594911937,0.6385196106,0.6192053048,0.6010824499
0.6614481409,0.6404550085,0.6210226960,0.6027515115
0.6634050881,0.6423915189,0.6228410559,0.6044213494
0.6653620352,0.6443291399,0.6246603828,0.6060919622
0.6673189824,0.6462678698,0.6264806753,0.6077633489
0.6692759295,0.6482077068,0.6283019318,0.6094355082
0.6712328767,0.6501486492,0.6301241506,0.6111084390
0.6731898239,0.6520906953,0.6319473304,0.6127821399
0.6751467710,0.6540338432,0.6337714694,0.6144566099
0.6771037182,0.6559780912,0.6355965663,0.6161318477
0.6790606654,0.6579234377,0.6374226194,0.6178078522
0.6810176125,0.6598698808,0.6392496273,0.6194846222
0.6829745597,0.6618174190,0.6410775883,0.6211621565
0.6849315068,0.6637660503,0.6429065011,0.6228404539
0.6868884540,0.6657157733,0.6447363641,0.6245195133
0.6888454012,0.6676665861,0.6465671757,0.6261993335
0.6908023483,0.6696184870,0.6483989346,0.6278799133
0.6927592955,0.6715714744,0.6502316391,0.6295612517
0.6947162427,0.6735255466,0.6520652879,0.6312433474
0.6966731898,0.6754807020,0.6538998794,0.6329261993
0.6986301370,0.6774369388,0.6557354122,0.6346098062
0.7005870841,0.6793942553,0.6575718847,0.6362941671
0.7025440313,0.6813526500,0.6594092956,0.6379792808
0.7045009785,0.6833121212,0.6612476433,0.6396651461
0.7064579256,0.6852726672,0.6630869264,0.6413517620
0.7084148728,0.6872342865,0.6649271435,0.6430391272
0.7103718200,0.6891969772,0.6667682932,0.6447272408
0.7123287671,0.6911607380,0.6686103739,0.6464161015
0.7142857143,0.6931255670,0.6704533842,0.6481057083
0.7162426614,0.6950914628,0.6722973227,0.6497960600
0.7181996086,0.6970584236,0.6741421881,0.6514871555
0.7201565558,0.6990264480,0.6759879788,0.6531789939
0.7221135029,0.7009955342,0.6778346935,0.6548715738
0.7240704501,0.7029656808,0.6796823307,0.6565648943
0.7260273973,0.7049368860,0.6815308891,0.6582589543
0.7279843444,0.7069091484,0.6833803672,0.6599537526
0.7299412916,0.7088824663,0.6852307637,0.6616492882
0.7318982387,0.7108568383,0.6870820771,0.6633455601
0.7338551859,0.7128322626,0.6889343061,0.6650425671
0.7358121331,0.7148087379,0.6907874494,0.6667403081
0.7377690802,0.7167862624,0.6926415054,0.6684387822
0.7397260274,0.7187648347,0.6944964730,0.6701379881
0.7416829746,0.7207444532,0.6963523506,0.6718379250
0.7436399217,0.7227251164,0.6982091369,0.6735385916
0.7455968689,0.7247068228,0.7000668307,0.6752399870
0.7475538160,0.7266895708,0.7019254305,0.6769421101
0.7495107632,0.7286733589,0.7037849349,0.6786449599
0.7514677104,0.7306581855,0.7056453427,0.6803485353
0.7534246575,0.7326440493,0.7075066525,0.6820528353
0.7553816047,0.7346309486,0.7093688630,0.6837578587
0.7573385519,0.7366188820,0.7112319729,0.6854636047
0.7592954990,0.7386078480,0.7130959807,0.6871700722
0.7612524462,0.7405978450,0.7149608853,0.6888772601
0.7632093933,0.7425888717,0.7168266852,0.6905851674
0.7651663405,0.7445809264,0.7186933793,0.6922937931
0.7671232877,0.7465740078,0.7205609661,0.6940031362
0.7690802348,0.7485681144,0.7224294444,0.6957131956
0.7710371820,0.7505632447,0.7242988129,0.6974239704
0.7729941292,0.7525593973,0.7261690703,0.6991354595
0.7749510763,0.7545565706,0.7280402153,0.7008476620
0.7769080235,0.7565547632,0.7299122466,0.7025605768
0.7788649706,0.7585539738,0.7317851629,0.7042742029
0.7808219178,0.7605542008,0.7336589630,0.7059885394
0.7827788650,0.7625554429,0.7355336456,0.7077035852
0.7847358121,0.7645576985,0.7374092095,0.7094193394
0.7866927593,0.7665609663,0.7392856533,0.7111358009
0.7886497065,0.7685652448,0.7411629758,0.7128529688
0.7906066536,0.7705705326,0.7430411757,0.7145708422
0.7925636008,0.7725768284,0.7449202519,0.7162894199
0.7945205479,0.7745841306,0.7468002031,0.7180087012
0.7964774951,0.7765924379,0.7486810279,0.7197286849
0.7984344423,0.7786017490,0.7505627253,0.7214493701
0.8003913894,0.7806120623,0.7524452939,0.7231707559
0.8023483366,0.7826233766,0.7543287325,0.7248928412
0.8043052838,0.7846356904,0.7562130399,0.7266156252
0.8062622309,0.7866490023,0.7580982149,0.7283391069
0.8082191781,0.7886633110,0.7599842563,0.7300632853
0.8101761252,0.7906786151,0.7618711628,0.7317881595
0.8121330724,0.7926949133,0.7637589332,0.7335137284
0.8140900196,0.7947122041,0.7656475664,0.7352399913
0.8160469667,0.7967304863,0.7675370611,0.7369669471
0.8180039139,0.7987497584,0.7694274162,0.7386945949
0.8199608611,0.8007700191,0.7713186304,0.7404229338
0.8219178082,0.8027912670,0.7732107025,0.7421519628
0.8238747554,0.8048135009,0.7751036314,0.7438816810
0.8258317025,0.8068367194,0.7769974159,0.7456120875
0.8277886497,0.8088609212,0.7788920548,0.7473431813
0.8297455969,0.8108861049,0.7807875469,0.7490749615
0.8317025440,0.8129122692,0.7826838911,0.7508074273
0.8336594912,0.8149394127,0.7845810861,0.7525405776
0.8356164384,0.8169675343,0.7864791309,0.7542744117
0.8375733855,0.8189966325,0.7883780243,0.7560089284
0.8395303327,0.8210267060,0.7902777651,0.7577441271
0.8414872798,0.8230577536,0.7921783521,0.7594800067
0.8434442270,0.8250897740,0.7940797843,0.7612165664
0.8454011742,0.8271227658,0.7959820604,0.7629538052
0.8473581213,0.8291567278,0.7978851794,0.7646917223
0.8493150685,0.8311916586,0.7997891400,0.7664303167
0.8512720157,0.8332275571,0.8016939412,0.7681695876
0.8532289628,0.8352644219,0.8035995818,0.7699095341
0.8551859100,0.8373022517,0.8055060607,0.7716501553
0.8571428571,0.8393410453,0.8074133768,0.7733914503
0.8590998043,0.8413808014,0.8093215289,0.7751334182
0.8610567515,0.8434215187,0.8112305160,0.7768760582
0.8630136986,0.8454631960,0.8131403369,0.7786193693
0.8649706458,0.8475058321,0.8150509905,0.7803633507
0.8669275930,0.8495494256,0.8169624757,0.7821080016
0.8688845401,0.8515939754,0.8188747914,0.7838533211
0.8708414873,0.8536394802,0.8207879365,0.7855993082
0.8727984344,0.8556859387,0.8227019099,0.7873459622
0.8747553816,0.8577333497,0.8246167105,0.7890932821
0.8767123288,0.8597817120,0.8265323373,0.7908412671
0.8786692759,0.8618310243,0.8284487891,0.7925899164
0.8806262231,0.8638812855,0.8303660648,0.7943392292
0.8825831703,0.8659324943,0.8322841634,0.7960892044
0.8845401174,0.8679846495,0.8342030839,0.7978398414
0.8864970646,0.8700377498,0.8361228250,0.7995911392
0.8884540117,0.8720917942,0.8380433858,0.8013430971
0.8904109589,0.8741467813,0.8399647652,0.8030957141
0.8923679061,0.8762027099,0.8418869621,0.8048489894
0.8943248532,0.8782595789,0.8438099754,0.8066029223
0.8962818004,0.8803173871,0.8457338042,0.8083575118
0.8982387476,0.8823761332,0.8476584474,0.8101127572
0.9001956947,0.8844358162,0.8495839038,0.8118686575
0.9021526419,0.8864964347,0.8515101725,0.8136252121
0.9041095890,0.8885579877,0.8534372524,0.8153824200
0.9060665362,0.8906204739,0.8553651425,0.8171402804
0.9080234834,0.8926838921,0.8572938417,0.8188987925
0.9099804305,0.8947482413,0.8592233490,0.8206579555
0.9119373777,0.8968135202,0.8611536633,0.8224177687
0.9138943249,0.8988797277,0.8630847837,0.8241782310
0.9158512720,0.9009468626,0.8650167091,0.8259393419
0.9178082192,0.9030149237,0.8669494385,0.8277011003
0.9197651663,0.9050839099,0.8688829709,0.8294635057
0.9217221135,0.9071538201,0.8708173052,0.8312265570
0.9236790607,0.9092246531,0.8727524404,0.8329902536
0.9256360078,0.9112964077,0.8746883756,0.8347545947
0.9275929550,0.9133690829,0.8766251097,0.8365195794
0.9295499022,0.9154426774,0.8785626417,0.8382852069
0.9315068493,0.9175171902,0.8805009706,0.8400514765
0.9334637965,0.9195926201,0.8824400954,0.8418183873
0.9354207436,0.9216689660,0.8843800151,0.8435859386
0.9373776908,0.9237462268,0.8863207287,0.8453541296
0.9393346380,0.9258244013,0.8882622353,0.8471229595
0.9412915851,0.9279034885,0.8902045338,0.8488924276
0.9432485323,0.9299834871,0.8921476233,0.8506625330
0.9452054795,0.9320643962,0.8940915028,0.8524332749
0.9471624266,0.9341462146,0.8960361712,0.8542046526
0.9491193738,0.9362289412,0.8979816277,0.8559766654
0.9510763209,0.9383125749,0.8999278712,0.8577493124
0.9530332681,0.9403971146,0.9018749007,0.8595225929
0.9549902153,0.9424825592,0.9038227154,0.8612965061
0.9569471624,0.9445689076,0.9057713143,0.8630710513
0.9589041096,0.9466561587,0.9077206963,0.8648462276
0.9608610568,0.9487443115,0.9096708605,0.8666220343
0.9628180039,0.9508333648,0.9116218060,0.8683984708
0.9647749511,0.9529233176,0.9135735318,0.8701755361
0.9667318982,0.9550141688,0.9155260370,0.8719532296
0.9686888454,0.9571059173,0.9174793205,0.8737315505
0.9706457926,0.9591985621,0.9194333816,0.8755104981
0.9726027397,0.9612921021,0.9213882191,0.8772900715
0.9745596869,0.9633865362,0.9233438322,0.8790702701
0.9765166341,0.9654818634,0.9253002200,0.8808510932
0.9784735812,0.9675780826,0.9272573814,0.8826325399
0.9804305284,0.9696751928,0.9292153157,0.8844146095
0.9823874755,0.9717731928,0.9311740217,0.8861973013
0.9843444227,0.9738720817,0.9331334987,0.8879806146
0.9863013699,0.9759718585,0.9350937457,0.8897645486
0.9882583170,0.9780725219,0.9370547617,0.8915491027
0.9902152642,0.9801740711,0.9390165459,0.8933342759
0.9921722114,0.9822765050,0.9409790973,0.8951200677
0.9941291585,0.9843798226,0.9429424150,0.8969064773
0.9960861057,0.9864840227,0.9449064981,0.8986935040
0.9980430528,0.9885891045,0.9468713457,0.9004811471
1.0000000000,0.9906950668,0.9488369569,0.9022694058
